class_embedding,embedding_feature
0,"[-0.01212561 -0.03077936  0.01485017 ... -0.01602361  0.00455891
 -0.01444553]"
1,"[-0.00985341  0.01334782 -0.00196052 ... -0.02727803  0.00734773
 -0.03925111]"
